 ,Area,XM,YM,Perim.
1,7,565.79,2.50,9.07
2,6,606.33,2.67,8.49
3,11,553.50,7.50,12.49
4,7,590.36,7.21,9.07
5,8,485.38,8.38,9.07
6,8,518.25,10.00,10.49
7,5,607.70,8.90,7.66
8,4,495.00,10.50,7.66
9,5,578.10,10.30,7.66
10,4,498.00,13.00,5.66
11,10,602.20,15.60,12.49
12,10,479.70,16.50,10.49
13,3,560.17,18.50,7.66
14,9,550.50,20.50,9.66
15,4,612.00,20.00,5.66
16,5,481.10,21.70,7.66
17,5,616.70,21.10,7.66
18,5,485.10,23.70,7.66
19,4,571.00,25.00,5.66
20,8,492.62,26.62,9.07
21,6,600.00,26.50,7.66
22,6,605.17,27.83,9.07
23,3,497.83,28.17,5.66
24,8,584.50,30.25,10.49
25,8,597.25,34.12,10.49
26,8,475.00,34.50,9.90
27,5,524.90,35.30,7.66
28,9,497.39,38.83,10.49
29,7,486.64,39.79,9.07
30,7,471.50,40.50,8.49
31,4,598.00,43.00,5.66
32,3,530.17,45.17,5.66
33,5,602.10,45.70,7.66
34,7,488.50,47.21,9.07
35,9,568.83,49.50,10.49
36,8,516.75,51.00,10.49
37,6,593.67,50.67,8.49
38,10,537.60,54.70,11.07
39,6,484.50,55.00,7.66
40,11,598.68,56.59,12.49
41,5,516.30,56.10,7.07
42,8,578.62,56.62,9.07
43,6,492.67,58.33,8.49
44,8,548.62,58.62,9.07
45,6,483.33,59.33,8.49
46,9,588.50,60.50,9.66
47,11,471.50,62.50,12.49
48,8,511.25,62.25,10.49
49,6,535.00,61.50,7.66
50,3,561.17,64.17,5.66
51,4,468.00,65.00,5.66
52,4,496.00,65.00,5.66
53,3,531.83,64.83,5.66
54,6,541.67,65.67,8.49
55,7,526.79,69.50,9.07
56,7,565.21,69.50,8.49
57,12,469.75,71.17,11.90
58,7,553.07,70.79,9.90
59,10,592.20,72.80,11.31
60,8,462.38,73.38,9.07
61,8,490.50,74.00,10.49
62,11,524.68,74.68,11.90
63,8,454.50,76.00,10.49
64,7,536.50,75.21,9.07
65,6,587.67,75.67,8.49
66,8,575.62,76.62,9.07
67,6,456.50,79.67,8.49
68,6,471.33,82.33,8.49
69,3,511.17,82.50,7.66
70,10,456.00,86.00,11.31
71,5,585.30,85.10,7.07
72,10,486.10,87.10,11.31
73,4,497.00,86.00,5.66
74,9,512.61,87.83,10.49
75,5,562.90,87.70,7.66
76,4,460.00,88.00,5.66
77,8,449.38,91.62,9.07
78,10,549.80,92.80,11.31
79,3,493.83,92.83,5.66
80,11,463.05,96.86,11.31
81,8,470.38,97.38,9.07
82,5,493.70,98.90,7.66
83,9,454.17,100.61,10.49
84,6,521.50,100.33,8.49
85,4,492.25,103.25,7.66
86,7,541.79,106.50,9.07
87,7,510.50,109.21,9.07
88,7,462.50,110.50,8.49
89,7,567.93,110.36,9.90
90,10,504.80,112.20,11.31
91,9,524.06,112.17,10.49
92,6,499.00,113.50,7.66
93,7,575.79,114.50,9.07
94,7,451.21,115.07,9.66
95,6,564.50,117.00,7.66
96,9,482.50,120.50,12.49
97,10,527.30,121.00,10.49
98,6,496.00,122.50,7.66
99,5,535.10,123.30,7.66
100,8,445.38,125.38,9.07
101,6,460.00,125.50,7.66
102,12,558.00,126.83,11.90
103,9,570.17,128.39,10.49
104,10,437.90,132.30,13.31
105,10,510.70,133.50,10.49
106,7,535.79,134.50,9.07
107,7,492.36,136.36,10.49
108,6,563.00,135.50,7.66
109,8,551.38,136.38,9.07
110,8,461.62,138.00,10.49
111,8,501.62,138.62,9.07
112,4,434.00,139.00,5.66
113,5,493.70,140.10,7.66
114,9,438.39,142.83,10.49
115,6,477.00,143.50,7.66
116,7,539.79,143.50,9.07
117,8,560.00,146.50,9.90
118,12,442.00,149.00,11.31
119,8,460.50,149.00,10.49
120,12,455.00,149.83,11.90
121,8,549.62,149.38,9.07
122,6,433.33,151.67,8.49
123,11,481.86,151.41,11.07
124,8,545.62,152.62,9.07
125,6,505.83,153.83,9.07
126,8,433.62,157.62,9.07
127,7,526.50,157.21,9.07
128,9,451.17,158.61,10.49
129,7,465.50,158.79,9.07
130,8,535.38,159.62,9.07
131,4,444.00,160.00,5.66
132,6,487.83,161.33,9.07
133,7,480.64,163.21,9.07
134,11,428.32,165.32,11.90
135,9,446.50,164.50,9.66
136,6,456.17,164.83,9.07
137,8,466.75,166.12,10.49
138,7,487.79,167.50,9.07
139,6,421.50,169.00,7.66
140,5,527.90,171.70,7.66
141,11,425.86,174.41,11.07
142,3,489.83,173.83,5.66
143,7,434.79,176.50,9.07
144,6,453.33,177.33,8.49
145,7,445.64,178.21,9.07
146,5,485.70,178.90,7.66
147,7,535.21,180.50,8.49
148,11,541.32,181.41,12.49
149,7,470.79,182.50,9.07
150,5,479.70,182.90,7.66
151,12,515.50,184.00,11.66
152,5,533.30,184.10,7.07
153,10,421.20,188.20,11.31
154,6,468.33,187.33,8.49
155,5,437.90,188.70,7.66
156,10,533.00,189.70,10.49
157,8,450.38,190.38,9.07
158,8,508.75,191.88,10.49
159,9,517.83,191.39,9.90
160,8,457.62,192.38,9.07
161,6,436.33,193.33,8.49
162,12,539.50,196.00,14.49
163,12,428.58,196.25,12.49
164,7,494.07,198.36,9.90
165,4,484.00,199.00,5.66
166,4,480.00,200.00,5.66
167,5,509.10,200.70,7.66
168,6,522.00,201.50,7.66
169,3,515.17,202.83,5.66
170,8,438.62,204.38,9.07
171,8,413.00,206.50,9.90
172,12,423.75,207.67,13.31
173,6,469.33,206.33,8.49
174,6,503.00,205.83,9.07
175,7,508.79,206.50,9.07
176,7,413.79,211.07,9.07
177,5,457.30,210.90,7.07
178,12,532.75,212.75,13.07
179,5,527.30,213.90,7.07
180,7,472.50,215.79,9.07
181,6,527.67,218.67,8.49
182,10,410.30,219.50,11.07
183,4,471.00,220.00,5.66
184,6,433.33,223.67,8.49
185,8,396.62,224.38,9.07
186,7,408.50,224.79,9.07
187,7,506.21,224.50,8.49
188,6,456.00,225.50,7.66
189,8,517.62,225.38,9.07
190,6,531.50,225.00,7.66
191,8,470.38,226.62,9.07
192,12,418.00,229.00,11.31
193,7,504.50,228.50,8.49
194,9,403.83,229.61,9.90
195,8,523.62,229.62,9.07
196,4,532.00,229.00,5.66
197,8,445.25,232.38,10.49
198,6,472.00,232.00,9.07
199,8,423.38,233.38,9.07
200,15,513.70,235.70,14.49
201,8,528.62,235.38,9.07
202,10,431.00,236.50,10.49
203,5,445.30,238.10,7.07
204,5,408.30,239.10,7.07
205,9,394.50,242.50,9.66
206,9,401.83,242.61,9.90
207,8,435.38,242.38,9.07
208,6,406.67,243.67,8.49
209,9,521.83,244.72,10.49
210,7,464.50,245.21,9.07
211,7,445.21,246.50,8.49
212,6,459.00,246.50,7.66
213,8,475.38,246.62,9.07
214,6,497.50,246.00,7.66
215,4,492.00,247.00,5.66
216,10,508.00,248.70,10.49
217,9,423.39,249.83,10.49
218,7,438.79,249.50,9.07
219,10,517.50,250.30,11.07
220,8,394.00,254.00,11.31
221,9,495.39,254.17,10.49
222,7,415.79,255.50,9.07
223,9,486.83,255.39,9.90
224,7,451.79,259.50,9.07
225,8,435.62,260.38,9.07
226,6,459.50,260.00,7.66
227,5,507.90,261.70,7.66
228,6,427.67,262.67,8.49
229,5,456.30,263.10,7.07
230,7,390.21,264.93,10.49
231,5,419.10,267.30,7.66
232,6,403.50,271.00,7.66
233,4,443.00,271.00,5.66
234,6,502.00,271.50,7.66
235,6,510.83,271.83,9.07
236,6,439.33,272.67,8.49
237,8,389.62,274.38,9.07
238,6,515.33,275.67,8.49
239,9,504.83,276.28,10.49
240,7,388.50,279.79,9.07
241,14,452.07,280.21,14.73
242,12,414.00,281.00,11.31
243,8,505.25,283.12,10.49
244,13,397.73,285.96,13.90
245,8,500.38,292.62,9.07
246,6,391.00,293.50,7.66
247,12,415.42,293.67,13.31
248,6,453.00,294.50,7.66
249,9,479.50,294.50,9.66
250,7,386.50,295.21,9.07
251,9,466.17,295.61,10.49
252,8,449.00,297.50,9.90
253,8,490.00,298.50,9.90
254,9,442.17,299.39,10.49
255,5,497.30,300.10,7.07
256,7,406.79,302.50,9.07
257,6,420.67,303.33,8.49
258,6,445.00,306.00,9.66
259,7,386.50,311.79,9.07
260,8,403.38,311.62,9.07
261,6,490.00,312.50,7.66
262,8,497.50,313.00,10.49
263,9,380.83,313.39,9.90
264,10,473.50,314.30,11.07
265,8,375.62,315.62,9.07
266,8,425.38,318.38,9.07
267,7,393.50,320.79,9.07
268,9,415.39,321.83,10.49
269,8,396.62,324.62,9.07
270,7,480.93,324.64,9.90
271,6,420.50,325.00,7.66
272,9,491.39,326.17,10.49
273,8,384.88,327.25,9.90
274,9,427.39,329.06,10.49
275,9,443.94,329.83,11.31
276,8,486.38,330.62,9.07
277,8,369.62,331.38,9.07
278,4,372.00,335.00,5.66
279,6,395.33,335.33,8.49
280,10,414.00,337.50,10.49
281,8,455.38,337.38,9.07
282,10,434.00,339.30,10.49
283,7,482.50,340.21,9.07
284,9,366.17,343.61,10.49
285,6,434.33,344.33,8.49
286,6,427.00,346.50,7.66
287,9,479.83,346.39,9.90
288,5,485.10,346.70,7.66
289,6,446.50,347.00,7.66
290,9,361.17,350.39,10.49
291,6,436.00,350.50,7.66
292,6,416.00,354.50,7.66
293,8,403.00,355.38,9.90
294,5,429.10,355.70,7.66
295,6,363.50,356.00,7.66
296,5,358.30,361.10,7.07
297,7,392.50,361.21,9.07
298,5,423.70,360.90,7.66
299,14,372.50,363.00,13.31
300,7,434.21,362.50,8.49
301,7,468.50,362.79,9.07
302,9,474.50,362.50,9.66
303,6,354.00,363.50,7.66
304,7,444.50,364.50,8.49
305,6,459.17,364.33,8.49
306,3,423.83,365.17,5.66
307,9,361.61,367.39,11.07
308,7,412.64,367.21,9.07
309,6,423.33,369.83,9.07
310,5,351.30,372.10,7.07
311,10,443.80,372.80,11.31
312,7,343.50,373.79,9.07
313,7,359.21,373.50,8.49
314,10,402.50,373.70,11.07
315,8,386.38,374.38,9.07
316,7,435.50,374.21,9.07
317,6,380.67,376.33,8.49
318,6,409.67,377.33,8.49
319,7,464.79,377.50,9.07
320,6,468.50,377.00,7.66
321,7,427.50,378.79,9.07
322,8,355.38,382.38,9.07
323,6,374.33,382.33,8.49
324,8,416.62,382.38,9.07
325,7,350.21,383.50,8.49
326,11,397.68,383.68,11.90
327,5,443.70,383.10,7.66
328,9,464.17,383.39,10.49
329,6,371.50,386.00,7.66
330,3,391.83,388.17,5.66
331,8,420.75,388.88,10.49
332,7,446.93,388.79,9.66
333,9,387.61,393.06,10.49
334,8,360.38,393.62,9.07
335,8,378.38,396.38,9.07
336,11,396.41,401.14,11.07
337,8,343.00,402.50,9.90
338,7,377.21,403.50,8.49
339,6,412.17,403.67,9.07
340,6,456.67,403.33,8.49
341,7,351.79,405.93,10.49
342,6,415.50,407.00,7.66
343,9,371.39,408.83,10.49
344,8,384.62,408.62,9.07
345,9,425.39,413.17,10.49
346,6,360.50,413.00,7.66
347,11,366.14,415.50,13.31
348,9,397.39,414.61,11.07
349,7,447.50,415.79,9.07
350,10,343.30,417.00,10.49
351,8,357.38,419.38,9.07
352,8,371.88,419.25,9.90
353,9,334.50,420.50,9.66
354,9,384.50,421.50,9.66
355,5,346.90,424.70,7.66
356,11,358.86,428.41,11.07
357,8,400.62,428.62,9.07
358,7,453.50,429.79,9.07
359,8,339.00,432.50,9.90
360,7,352.79,432.50,9.07
361,5,391.70,432.10,7.66
362,8,331.00,434.50,9.90
363,7,408.50,435.79,9.07
364,7,377.79,436.50,9.07
365,7,466.50,436.79,9.07
366,6,330.50,440.00,7.66
367,7,354.79,442.93,9.07
368,15,404.23,443.90,15.31
369,8,366.00,447.50,9.90
370,8,391.12,447.75,10.49
371,11,425.05,449.32,11.90
372,13,342.27,449.88,12.49
373,7,436.21,451.50,8.49
374,13,328.12,452.96,12.49
375,5,428.70,453.10,7.66
376,6,359.17,454.33,8.49
377,8,414.00,455.00,11.31
378,7,399.50,455.79,9.07
379,7,339.50,456.21,9.07
380,7,405.50,456.79,9.07
381,9,353.17,457.39,10.49
382,12,321.00,460.00,15.31
383,7,313.50,459.21,9.07
384,7,326.50,460.79,9.07
385,9,431.50,462.50,9.66
386,8,424.88,463.25,9.90
387,6,325.67,465.33,8.49
388,5,343.70,465.10,7.66
389,7,435.50,465.79,9.07
390,3,354.17,466.17,5.66
391,7,397.79,468.50,9.07
392,7,389.50,469.79,9.07
393,7,378.21,470.64,9.07
394,11,352.86,471.77,13.90
395,3,366.83,470.83,5.66
396,9,319.83,476.39,9.90
397,10,337.50,479.30,11.07
398,12,397.50,479.00,12.73
399,6,360.50,479.00,7.66
400,6,432.33,479.33,8.49
401,7,422.79,482.50,9.07
402,6,385.00,483.50,7.66
403,16,345.50,487.12,16.14
404,8,327.50,489.00,10.49
405,9,411.50,488.50,9.66
406,9,309.17,491.61,10.49
407,5,366.70,490.90,7.66
408,6,422.50,492.00,7.66
409,12,318.00,494.33,13.31
410,6,381.00,494.50,7.66
411,7,328.79,500.50,9.07
412,6,414.67,500.33,8.49
413,9,373.17,501.39,10.49
414,8,306.38,503.62,9.07
415,9,386.17,503.39,10.49
416,9,358.61,504.83,10.49
417,11,396.59,505.14,11.07
418,6,312.00,507.50,7.66
419,8,364.38,508.62,9.07
420,8,379.38,509.62,9.07
421,6,301.50,514.00,7.66
422,10,440.30,516.50,11.07
423,9,350.06,517.83,11.31
424,8,388.38,517.62,9.07
425,9,399.17,517.72,10.49
426,9,414.72,517.83,10.49
427,7,308.50,518.50,8.49
428,9,295.61,522.39,11.07
429,7,317.50,521.21,9.07
430,8,307.38,523.38,9.07
431,6,385.00,524.67,9.90
432,9,303.39,526.83,10.49
433,8,407.62,526.38,9.07
434,10,324.00,527.30,10.49
435,6,335.50,527.00,7.66
436,9,377.83,527.39,9.90
437,12,397.00,529.00,11.31
438,5,328.70,530.10,7.66
439,7,385.50,530.50,8.49
440,3,324.50,532.50,6.24
441,7,300.50,534.21,9.07
442,3,310.17,534.50,7.66
443,7,313.64,534.79,9.07
444,6,346.50,534.00,7.66
445,7,364.21,534.36,9.07
446,8,329.38,535.38,9.07
447,6,350.67,537.50,8.49
448,8,300.62,539.62,9.07
449,8,333.75,540.12,10.49
450,6,377.50,540.00,7.66
451,4,325.00,541.00,5.66
452,3,329.50,541.50,6.83
453,8,396.62,541.38,9.07
454,8,312.38,545.62,9.07
455,4,357.75,545.50,7.66
456,10,388.50,547.00,10.49
457,9,334.39,550.83,10.49
458,9,358.17,550.61,10.49
459,10,290.80,552.90,11.31
460,8,338.62,553.62,9.07
461,9,316.83,554.61,9.90
462,8,395.50,556.00,10.49
463,10,301.00,559.30,10.49
464,10,307.50,561.00,10.49
465,7,386.50,560.79,9.07
466,6,294.50,565.00,7.66
467,9,330.50,565.50,9.66
468,9,346.39,566.06,10.49
469,5,399.10,567.70,7.66
470,9,338.83,569.06,10.49
471,8,307.62,569.62,9.07
472,7,358.50,569.21,9.07
473,8,375.75,570.12,10.49
474,9,319.72,572.17,10.49
475,7,393.50,573.21,9.07
476,7,291.50,574.50,8.49
477,7,386.50,574.79,9.07
478,7,282.50,576.79,9.07
479,6,363.50,578.00,7.66
480,6,292.00,579.50,7.66
481,9,331.39,579.83,10.49
482,9,343.50,581.17,10.49
483,9,394.50,580.50,9.66
484,8,336.62,581.38,9.07
485,8,401.62,581.38,9.07
486,9,367.17,584.39,10.49
487,12,264.00,586.00,11.31
488,8,328.38,585.62,9.07
489,9,308.50,587.83,10.49
490,7,275.50,589.21,9.07
491,6,313.67,589.67,10.49
492,7,261.79,592.36,9.07
493,10,371.70,592.50,10.49
494,9,345.94,593.83,10.49
495,8,358.38,594.25,10.49
496,6,276.50,594.00,7.66
497,7,286.50,595.79,9.07
498,6,312.67,595.83,9.07
499,9,339.83,595.61,9.90
500,9,254.17,597.39,10.49
501,8,293.75,597.50,9.90
502,6,325.50,597.00,7.66
503,3,363.17,597.17,5.66
504,8,346.00,599.50,9.90
505,5,330.30,600.10,7.07
506,9,260.50,601.50,9.66
507,7,268.21,601.50,8.49
508,9,367.17,601.61,10.49
509,5,299.30,602.90,7.07
510,8,281.50,605.00,10.49
511,3,307.83,604.83,5.66
512,7,352.50,605.21,9.07
513,6,276.67,606.17,9.07
514,8,302.25,606.88,10.49
515,8,361.38,606.62,9.07
516,9,380.50,606.50,9.66
517,6,367.50,607.00,7.66
518,7,318.21,609.50,8.49
519,7,304.79,611.64,9.07
520,8,357.75,611.12,10.49
521,8,348.00,612.50,9.90
522,9,362.83,613.39,9.90
523,9,371.50,613.50,9.66
524,11,295.32,617.68,11.90
525,10,266.60,619.10,11.90
526,8,374.50,619.00,10.49
527,7,276.79,619.50,9.07
528,10,339.80,621.20,11.31
529,5,379.10,620.30,7.66
530,7,287.21,625.50,8.49
531,9,370.50,625.50,9.66
532,8,312.38,626.38,9.07
533,3,347.17,626.17,5.66
534,6,354.33,626.33,8.49
535,9,269.83,627.61,9.90
536,8,376.62,628.62,9.07
537,7,286.21,630.50,8.49
538,8,368.38,631.62,9.07
539,9,264.50,632.50,9.66
540,11,274.14,634.59,11.07
541,9,307.50,637.50,9.66
542,5,279.90,638.70,7.66
543,8,352.62,639.38,9.07
544,9,345.50,642.50,9.66
545,13,365.88,642.65,15.31
546,8,256.38,644.38,9.07
547,7,268.21,644.50,8.49
548,9,295.39,645.17,10.49
549,7,275.21,646.50,8.49
550,6,285.00,647.50,7.66
551,7,336.79,647.50,9.07
552,7,359.79,648.50,9.07
553,7,321.50,650.21,9.07
554,9,257.39,652.83,10.49
555,7,287.21,653.07,9.66
556,12,269.17,656.58,12.49
557,6,355.00,657.50,7.66
558,8,325.38,658.62,9.07
559,9,331.83,659.61,9.90
560,9,277.83,660.39,9.90
561,6,288.33,660.33,8.49
562,7,313.21,660.50,8.49
563,11,266.59,663.14,11.07
564,8,253.62,663.38,9.07
565,11,291.95,665.86,11.31
566,8,354.25,665.50,10.49
567,9,312.50,667.50,9.66
568,8,256.38,669.62,9.07
569,6,276.50,670.00,7.66
570,7,328.50,672.21,9.07
571,8,354.00,672.50,9.90
572,8,234.00,675.00,9.66
573,9,248.39,675.83,10.49
574,9,338.17,675.39,10.49
575,8,273.00,676.62,10.49
576,13,344.50,677.19,15.90
577,8,280.62,677.62,9.07
578,9,294.06,678.39,10.49
579,19,308.92,681.08,17.56
580,5,349.30,678.90,7.07
581,7,283.21,681.50,8.49
582,8,322.62,682.38,9.07
583,8,241.25,685.25,10.49
584,6,287.33,685.67,8.49
585,8,319.00,686.50,9.90
586,3,312.17,686.83,5.66
587,7,245.79,688.50,9.07
588,8,355.62,689.62,9.07
589,7,276.50,692.21,9.07
590,9,311.39,692.83,10.49
591,10,263.50,694.30,11.07
592,6,294.67,693.33,8.49
593,7,327.50,694.21,9.07
594,8,333.38,696.38,9.07
595,9,279.83,698.39,9.90
596,11,315.41,699.14,11.07
597,7,269.21,701.50,8.49
598,7,343.21,701.50,8.49
599,7,247.50,702.21,9.07
600,9,240.83,703.39,9.90
601,10,338.30,704.20,11.07
602,8,271.62,705.62,9.07
603,5,301.70,704.90,7.66
604,11,328.23,710.23,12.49
605,11,252.77,711.77,13.31
606,7,281.79,710.79,10.49
607,3,274.83,711.17,5.66
608,6,339.00,711.50,7.66
609,13,264.50,713.65,14.73
610,6,278.50,715.00,7.66
611,9,321.83,715.39,9.90
612,8,270.38,716.38,9.07
613,10,291.00,716.30,10.49
614,12,232.25,719.08,11.90
615,8,254.38,718.62,9.07
616,5,305.70,721.10,7.66
617,6,333.50,722.00,7.66
618,8,300.62,723.62,9.07
619,9,231.50,725.50,9.66
620,11,320.68,726.32,11.90
621,3,268.83,727.17,5.66
622,9,315.06,728.28,11.31
623,8,257.38,728.38,9.07
624,11,238.41,732.86,11.07
625,9,267.83,732.39,9.90
626,8,229.88,735.00,11.31
627,7,296.50,735.21,9.07
628,10,277.50,737.70,11.07
629,7,247.79,740.50,9.07
630,3,290.83,739.83,5.66
631,7,307.50,740.21,9.07
632,11,294.86,742.05,11.31
633,6,321.00,741.50,7.66
634,7,302.79,743.50,9.07
635,8,325.25,743.75,10.49
636,12,219.83,744.83,11.90
637,9,227.61,745.39,11.07
638,9,232.39,745.17,10.49
639,9,265.61,747.83,10.49
640,10,312.70,748.50,10.49
641,9,223.61,749.83,10.49
642,5,235.10,749.30,7.66
643,8,283.38,749.38,9.07
644,6,255.50,750.00,7.66
645,10,300.80,754.20,11.31
646,7,317.50,754.21,9.07
647,10,226.00,756.50,11.66
648,13,215.27,757.42,13.90
649,8,225.88,762.25,9.90
650,5,211.90,765.70,7.66
651,8,206.62,766.62,9.07
652,5,221.70,769.10,7.66
653,10,215.30,772.50,11.07
654,6,269.50,772.00,7.66
655,8,307.00,773.00,9.66
656,9,293.83,776.61,9.90
657,12,230.75,777.92,11.90
658,9,265.50,777.50,9.66
659,4,279.00,778.00,5.66
660,9,254.50,779.50,9.66
661,9,275.61,780.83,10.49
662,11,217.05,781.86,11.31
663,10,309.20,781.80,11.31
664,8,243.38,782.38,9.07
665,8,264.62,783.38,9.07
666,8,231.62,786.38,9.07
667,8,221.38,789.38,9.07
668,12,244.92,790.25,11.90
669,8,296.62,790.00,10.49
670,7,308.64,790.79,9.07
671,10,256.70,792.20,11.07
672,14,275.71,793.14,13.31
673,10,214.00,796.30,10.49
674,6,235.50,796.00,7.66
675,10,200.30,799.20,11.07
676,8,242.62,798.62,9.07
677,15,221.83,799.50,14.49
678,5,253.30,798.90,7.07
679,8,292.62,801.62,9.07
680,7,228.79,802.50,9.07
681,8,233.75,802.75,10.49
682,9,298.50,802.50,9.66
683,9,279.83,804.28,10.49
684,8,195.00,805.50,9.90
685,11,238.05,806.32,11.90
686,7,211.50,806.21,9.07
687,10,227.00,809.70,10.49
688,10,293.50,810.00,10.49
689,7,208.21,809.93,9.66
690,9,241.83,810.61,9.90
691,9,249.39,811.17,10.49
692,9,263.50,810.50,9.66
693,6,288.00,812.50,7.66
694,9,259.39,814.17,10.49
695,6,229.50,814.00,7.66
696,7,239.21,816.50,8.49
697,8,252.00,816.50,9.90
698,9,195.61,818.83,10.49
699,3,206.17,818.50,7.66
700,8,235.62,819.38,9.07
701,7,242.50,820.79,9.07
702,9,190.17,821.94,10.49
703,4,248.00,821.00,5.66
704,8,203.62,824.38,9.07
705,6,288.00,824.50,7.66
706,9,187.17,826.61,10.49
707,7,256.79,826.50,9.07
708,8,251.62,827.62,9.07
709,6,280.33,828.67,8.49
710,8,226.75,829.75,10.49
711,10,204.20,830.80,11.31
712,6,269.67,830.67,8.49
713,4,250.00,832.00,5.66
714,6,266.50,834.00,7.66
715,9,278.17,834.94,11.31
716,8,291.38,835.38,9.07
717,8,187.88,836.75,9.90
718,11,239.14,838.41,11.07
719,11,276.05,839.86,11.31
720,10,217.00,840.50,10.49
721,7,229.79,840.50,9.07
722,7,188.79,841.50,9.07
723,8,202.38,842.38,9.07
724,8,257.88,845.25,9.90
725,6,221.50,846.00,7.66
726,6,180.83,848.33,9.07
727,6,229.83,851.00,9.66
728,7,234.50,850.21,9.07
729,9,212.39,852.17,10.49
730,9,261.50,851.50,9.66
731,5,285.30,850.90,7.07
732,9,178.17,852.61,10.49
733,7,239.79,852.50,9.07
734,7,272.07,854.21,9.90
735,11,276.50,858.50,12.49
736,11,187.59,861.23,12.49
737,8,243.62,860.38,9.07
738,4,214.50,861.00,7.07
739,8,168.00,863.50,9.90
740,10,200.00,865.50,10.49
741,8,274.38,866.62,9.07
742,7,196.64,869.21,9.07
743,9,182.94,871.17,10.49
744,6,219.50,871.00,7.66
745,4,247.00,872.00,5.66
746,10,213.00,874.50,10.49
747,8,167.62,875.62,9.07
748,11,90.14,876.41,11.07
749,4,197.00,876.00,5.66
750,8,245.62,876.62,9.07
751,9,152.50,877.50,9.66
752,15,232.50,879.50,14.73
753,8,280.62,878.62,9.07
754,9,178.83,880.39,9.90
755,10,173.00,881.70,10.49
756,8,158.62,884.38,9.07
757,9,206.17,884.83,11.31
758,8,189.50,886.00,10.49
759,7,217.21,885.50,8.49
760,8,251.38,885.38,9.07
761,9,234.61,887.17,10.49
762,8,149.62,888.38,9.07
763,11,165.14,889.41,11.07
764,7,254.50,889.79,9.07
765,6,145.83,890.33,9.07
766,8,192.75,897.25,10.49
767,7,243.50,896.21,9.07
768,12,153.17,898.42,12.49
769,8,171.62,897.38,9.07
770,8,209.00,897.50,9.90
771,7,188.50,898.50,8.49
772,7,158.21,899.50,8.49
773,8,178.62,900.38,9.07
774,12,256.58,902.67,12.49
775,8,165.75,906.88,10.49
776,7,178.50,906.21,9.07
777,7,239.50,906.21,9.07
778,6,201.50,908.00,7.66
779,10,268.80,910.80,11.31
780,6,157.33,913.50,8.49
781,13,184.27,915.27,16.49
782,8,188.50,914.00,10.49
783,10,152.70,914.50,10.49
784,9,225.39,914.83,10.49
785,12,250.92,915.25,11.90
786,6,211.67,915.33,8.49
787,9,172.61,917.17,10.49
788,5,255.90,916.30,7.66
789,7,161.79,918.50,9.07
790,10,215.40,919.60,11.90
791,7,238.79,920.50,9.07
792,14,198.50,922.00,12.73
793,7,234.50,922.21,9.07
794,9,162.17,923.61,10.49
795,6,220.50,923.00,7.66
796,7,251.79,923.50,9.07
797,8,149.50,926.00,10.49
798,11,185.05,926.14,11.31
799,6,248.00,925.50,7.66
800,6,219.00,927.00,9.07
801,8,210.25,929.50,10.49
802,8,141.62,930.62,9.07
803,11,226.05,931.86,11.31
804,9,204.83,932.61,9.90
805,9,145.39,934.83,10.49
806,9,235.61,935.17,10.49
807,9,193.50,935.50,9.66
808,11,169.32,937.32,11.90
809,12,251.17,937.75,11.90
810,8,142.38,939.62,9.07
811,8,189.00,939.50,9.90
812,10,158.30,942.00,10.49
813,12,215.67,941.83,14.73
814,3,210.17,942.17,5.66
815,10,254.00,943.50,10.49
816,6,200.17,945.00,9.66
817,8,173.75,947.25,10.49
818,8,194.38,946.62,9.07
819,9,240.83,947.61,9.90
820,9,226.83,949.28,10.49
821,8,251.38,949.62,9.07
822,8,178.38,950.62,9.07
823,7,247.07,950.79,9.66
824,8,169.00,952.00,9.66
825,9,143.50,953.50,9.66
826,8,184.62,954.38,9.07
827,7,205.50,954.79,9.07
828,8,236.38,954.62,9.07
829,8,223.62,956.62,9.07
830,10,161.50,958.00,10.49
831,6,166.00,957.50,7.66
832,7,210.79,960.50,9.07
833,3,205.83,962.50,7.66
834,6,175.00,963.50,7.66
835,10,232.20,963.90,11.31
836,7,158.21,970.64,9.07
837,9,189.83,972.61,9.90
838,5,154.90,973.70,7.66
839,7,231.21,973.50,8.49
840,11,142.95,975.14,11.31
841,8,167.62,975.38,9.07
842,8,183.62,976.38,9.07
843,8,237.50,980.00,10.49
844,5,208.10,982.30,7.66
845,8,143.38,983.38,9.07
846,10,132.10,984.90,11.31
847,9,199.83,984.39,9.90
848,13,169.73,986.65,13.31
849,7,120.50,986.21,9.07
850,9,145.50,988.50,9.66
851,9,155.50,990.50,9.66
852,9,217.83,991.39,9.90
853,9,231.50,994.50,9.66
854,9,204.50,996.50,9.66
855,7,131.79,997.50,9.07
856,9,178.39,998.17,10.49
857,6,190.00,998.50,7.66
858,8,195.50,999.00,10.49
859,9,169.17,1000.61,10.49
860,12,218.50,1001.00,11.66
861,7,156.50,1002.79,9.07
862,6,115.50,1006.00,7.66
863,5,121.70,1005.90,7.66
864,6,133.00,1006.50,7.66
865,7,220.79,1006.50,9.07
866,9,230.17,1006.39,10.49
867,8,136.38,1007.62,9.07
868,8,156.00,1008.00,9.66
869,9,124.50,1010.50,9.66
870,8,210.38,1010.38,9.07
871,10,194.50,1012.70,11.07
872,7,148.50,1013.21,9.07
873,7,179.50,1014.21,9.07
874,6,164.67,1017.67,8.49
875,9,114.94,1018.83,10.49
876,7,141.50,1018.21,9.07
877,8,219.25,1018.75,10.49
878,7,160.79,1020.50,9.07
879,8,189.38,1021.38,9.07
